{
  "best_epoch": 0,
  "peak_cpu_memory_MB": 514.879488,
  "training_duration": "0:08:51.455018",
  "training_start_epoch": 0,
  "training_epochs": 0,
  "epoch": 0,
  "training_loss": 2.132288199424744,
  "training_cpu_memory_MB": 514.879488,
  "validation_BLEU": 0.08286699159811324,
  "validation_loss": 1.7573890147056985,
  "best_validation_BLEU": 0.08286699159811324,
  "best_validation_loss": 1.7573890147056985
}