{
  "best_epoch": 1,
  "peak_cpu_memory_MB": 905.289728,
  "training_duration": "0:16:52.851487",
  "training_start_epoch": 0,
  "training_epochs": 1,
  "epoch": 1,
  "training_loss": 1.6109312651952108,
  "training_cpu_memory_MB": 905.289728,
  "validation_BLEU": 0.07764356967471232,
  "validation_loss": 1.5022947591670015,
  "best_validation_BLEU": 0.07764356967471232,
  "best_validation_loss": 1.5022947591670015
}