{
  "best_epoch": 2,
  "peak_cpu_memory_MB": 915.72224,
  "training_duration": "0:25:23.785253",
  "training_start_epoch": 0,
  "training_epochs": 2,
  "epoch": 2,
  "training_loss": 1.399431888739268,
  "training_cpu_memory_MB": 915.72224,
  "validation_BLEU": 0.08899473917749356,
  "validation_loss": 1.3441600507878242,
  "best_validation_BLEU": 0.08899473917749356,
  "best_validation_loss": 1.3441600507878242
}