{
  "best_epoch": 9,
  "peak_cpu_memory_MB": 919.150592,
  "training_duration": "1:25:47.602872",
  "training_start_epoch": 0,
  "training_epochs": 9,
  "epoch": 9,
  "training_loss": 0.7764364597002665,
  "training_cpu_memory_MB": 919.150592,
  "validation_BLEU": 0.13834073080337753,
  "validation_loss": 1.074638309947988,
  "best_validation_BLEU": 0.13834073080337753,
  "best_validation_loss": 1.074638309947988
}