{
  "best_epoch": 7,
  "peak_cpu_memory_MB": 917.0944,
  "training_duration": "1:08:53.756939",
  "training_start_epoch": 0,
  "training_epochs": 7,
  "epoch": 7,
  "training_loss": 0.8846323408285777,
  "training_cpu_memory_MB": 917.0944,
  "validation_BLEU": 0.13135593188300193,
  "validation_loss": 1.0859072490575465,
  "best_validation_BLEU": 0.13135593188300193,
  "best_validation_loss": 1.0859072490575465
}