{
  "best_epoch": 0,
  "peak_cpu_memory_MB": 543.06816,
  "training_duration": "0:08:24.553268",
  "training_start_epoch": 0,
  "training_epochs": 0,
  "epoch": 0,
  "training_loss": 2.1188423258463542,
  "training_cpu_memory_MB": 543.06816,
  "validation_BLEU": 0.08062664600629177,
  "validation_loss": 1.752313071108879,
  "best_validation_BLEU": 0.08062664600629177,
  "best_validation_loss": 1.752313071108879
}